"Qty";"Value";"Device";"Package";"Parts";"Description";"";
"10";"";"C-USC0603";"C0603";"C1, C2, C3, C4, C5, C6, C8, C9, C10, C11";"CAPACITOR, American symbol";"";
"2";"";"PINHD-1X1";"1X01";"VIN, VOUT";"PIN HEADER";"";
"14";"";"PINHD-1X2SOLENOID";"SOLENOID-CONTACT";"JP2, JP4, JP6, JP8, JP10, JP12, JP14, JP16, JP18, JP20, JP22, JP24, JP26, JP28";"PIN HEADER";"";
"14";"";"PINHD-1X2SOLENOID-R";"SOLENOID-CONTACT-REVERSE";"JP1, JP3, JP5, JP7, JP9, JP11, JP13, JP15, JP17, JP19, JP21, JP23, JP25, JP27";"PIN HEADER";"";
"4";"";"PINHD-1X4";"1X04";"FAN_CTRL, JP29, PWMGND, PWMOUT";"PIN HEADER";"";
"1";"";"PINHD-1X5";"1X05";"JP30";"PIN HEADER";"";
"4";"";"R-US_R0603";"R0603";"R1, R2, R3, R4";"RESISTOR, American symbol";"";
"1";"5566-8FERRO";"5566-8FERRO";"5566-8-CLEAN";"X1";"Mini FIT connector 8 pol";"";
"4";"74LS595N";"74LS595N";"DIL16";"BYTE1, BYTE2, BYTE3, BYTE4";"8-bit SHIFT REGISTER, output latch";"";
"6";"ULN2004AD";"ULN2004AD";"SO16";"IC1, IC2, IC3, IC4, IC5, IC6";"DRIVER ARRAY";"";
