"Qty";"Value";"Device";"Package";"Parts";"Description";"DESCRIPTION";"HEIGHT";"MANUFACTURER_NAME";"MANUFACTURER_PART_NUMBER";"MOUSER_PART_NUMBER";"MOUSER_PRICE-STOCK";
"5";"";"C-USC0603";"C0603";"C1, C2, C3, C4, C5";"CAPACITOR, American symbol";"";"";"";"";"";"";
"10";"";"PINHD-1X2SOLENOID";"SOLENOID-CONTACT";"JP2, JP4, JP6, JP8, JP10, JP12, JP14, JP16, JP18, JP20";"PIN HEADER";"";"";"";"";"";"";
"11";"";"PINHD-1X2SOLENOID-R";"SOLENOID-CONTACT-REVERSE";"JP1, JP3, JP5, JP7, JP9, JP11, JP13, JP15, JP17, JP19, JP21";"PIN HEADER";"";"";"";"";"";"";
"2";"";"PINHD-1X4";"1X04";"JP22, JP29";"PIN HEADER";"";"";"";"";"";"";
"3";"";"ULN2803ASMT";"SO18W";"IC2, IC3, IC5";"DRIVER ARRAY";"";"";"";"";"";"";
"1";"5566-8FERRO";"5566-8FERRO";"5566-8-CLEAN";"X1";"Mini FIT connector 8 pol";"";"";"";"";"";"";
"5";"ADR-SELECT";"ADR-SELECT";"ADR-SELECT-SOLDER";"U$1, U$2, U$3, U$4, U$5";"";"";"";"";"";"";"";
"2";"PCA9685PW,118";"PCA9685PW,118";"SOP65P640X110-28N";"IC1, IC4";"LED Display Drivers";"LED Display Drivers";"1.1mm";"NXP";"PCA9685PW,118";"771-PCA9685PW,118";"https://www.mouser.com/Search/Refine.aspx?Keyword=771-PCA9685PW%2C118";
